--Close-End
INSERT INTO quotation_profiles (qpr_id, prd_product_code, itc_interest_type, variable_rate) VALUES (29207, 'CE_LTD', 'PRICING', 'F');

INSERT INTO quotations (quo_id, qpr_qpr_id, ACCOUNT_CODE) VALUES (533223, 29207, '00000000');

INSERT INTO fleet_masters (fms_id, unit_no, vin, mdl_mdl_id) VALUES (1284775, '01022294', '1GCHSBEA3L1109853', 184807);

INSERT INTO asset_item 
  (asset_id, c_id, code, add_on_seq, description, status, asset_type, 
   category_code, agc_c_id, dep_code, location_code, group_code, op_code, 
   initial_value, fleet_id, invoice_no) VALUES 
  (512361, 1, 'CE_LTD', '000', 'Test data', 'A', 'FL', 
   'CE_LTD', '1', 'CE_LTD', 'CUST', 'VEH', 'TEST', 
   23517.75, 1284775, 'L1109853');
INSERT INTO asset_item 
  (asset_id,  c_id, code, add_on_seq, description, status, asset_type, 
   category_code, agc_c_id, dep_code, location_code, group_code, op_code,
   initial_value, fleet_id, invoice_no) VALUES 
  (512362,  1, 'CE_LTD', '001', 'Test data', 'A', 'FL', 
   'CE_LTD', '1', 'CE_LTD', 'CUST', 'VEH', 'TEST',
   350, 1284775, 'L1109853');
INSERT INTO asset_item 
  (asset_id,   c_id, code, add_on_seq, description, status, asset_type, 
   category_code, agc_c_id, dep_code, location_code, group_code, op_code,
   initial_value, fleet_id, invoice_no) VALUES 
  (512363,   1, 'CE_LTD', '002', 'Test data', 'A', 'FL', 
   'CE_LTD', '1', 'CE_LTD', 'CUST', 'VEH', 'TEST',
   495, 1284775, 'L1109853');

INSERT INTO quotation_models (qmd_id, quo_quo_id, quote_status, capital_contribution, residual_value, contract_period) VALUES (732476, 533223, '6', 0, 5600, 60);

INSERT INTO quotation_model_accessories (qma_id, qmd_qmd_id, recharge_amount) VALUES (3187626, 732476, 0);
INSERT INTO quotation_model_accessories (qma_id, qmd_qmd_id, recharge_amount) VALUES (3187627, 732476, 0);
INSERT INTO quotation_model_accessories (qma_id, qmd_qmd_id, recharge_amount) VALUES (3187628, 732476, 0);
INSERT INTO quotation_model_accessories (qma_id, qmd_qmd_id, recharge_amount) VALUES (3187629, 732476, 0);
INSERT INTO quotation_model_accessories (qma_id, qmd_qmd_id, recharge_amount) VALUES (3187630, 732476, 0);
INSERT INTO quotation_model_accessories (qma_id, qmd_qmd_id, recharge_amount) VALUES (3187631, 732476, 0);
INSERT INTO quotation_model_accessories (qma_id, qmd_qmd_id, recharge_amount) VALUES (3187632, 732476, 0);
INSERT INTO quotation_model_accessories (qma_id, qmd_qmd_id, recharge_amount) VALUES (3187633, 732476, 0);
INSERT INTO quotation_model_accessories (qma_id, qmd_qmd_id, recharge_amount) VALUES (3187634, 732476, 0);
INSERT INTO quotation_model_accessories (qma_id, qmd_qmd_id, recharge_amount) VALUES (3187635, 732476, 0);
INSERT INTO quotation_model_accessories (qma_id, qmd_qmd_id, recharge_amount) VALUES (3187636, 732476, 0);

INSERT INTO quotation_dealer_accessories (qda_id, qmd_qmd_id, recharge_amount) VALUES (965832, 732476, 0);
INSERT INTO quotation_dealer_accessories (qda_id, qmd_qmd_id, recharge_amount) VALUES (965833, 732476, 0);

INSERT INTO quotation_elements (qel_id, qmd_qmd_id) VALUES (4069876, 732476);
INSERT INTO quotation_elements (qel_id, qmd_qmd_id) VALUES (4069877, 732476);
INSERT INTO quotation_elements (qel_id, qmd_qmd_id) VALUES (4069878, 732476);
INSERT INTO quotation_elements (qel_id, qmd_qmd_id) VALUES (4069879, 732476);
INSERT INTO quotation_elements (qel_id, qmd_qmd_id) VALUES (4069880, 732476);

INSERT INTO quotation_schedules (qsc_id, qel_qel_id, amount, payment_ind) VALUES (68511760, 4069876, 0, 'F');
INSERT INTO quotation_schedules (qsc_id, qel_qel_id, amount, payment_ind) VALUES (68511765, 4069876, 6.54, 'F');
INSERT INTO quotation_schedules (qsc_id, qel_qel_id, amount, payment_ind) VALUES (68511770, 4069876, 9.65, 'R');
INSERT INTO quotation_schedules (qsc_id, qel_qel_id, amount, payment_ind) VALUES (68511775, 4069876, 9.65, 'R');
INSERT INTO quotation_schedules (qsc_id, qel_qel_id, amount, payment_ind) VALUES (68511780, 4069876, 9.65, 'R');
INSERT INTO quotation_schedules (qsc_id, qel_qel_id, amount, payment_ind) VALUES (68511785, 4069876, 9.65, 'R');
INSERT INTO quotation_schedules (qsc_id, qel_qel_id, amount, payment_ind) VALUES (68511790, 4069876, 9.65, 'R');
INSERT INTO quotation_schedules (qsc_id, qel_qel_id, amount, payment_ind) VALUES (68511795, 4069876, 9.65, 'R');
INSERT INTO quotation_schedules (qsc_id, qel_qel_id, amount, payment_ind) VALUES (68511800, 4069876, 9.65, 'R');
INSERT INTO quotation_schedules (qsc_id, qel_qel_id, amount, payment_ind) VALUES (68511805, 4069876, 9.65, 'R');
INSERT INTO quotation_schedules (qsc_id, qel_qel_id, amount, payment_ind) VALUES (68511810, 4069876, 9.65, 'R');
INSERT INTO quotation_schedules (qsc_id, qel_qel_id, amount, payment_ind) VALUES (68511815, 4069876, 9.65, 'R');
INSERT INTO quotation_schedules (qsc_id, qel_qel_id, amount, payment_ind) VALUES (68511820, 4069876, 9.65, 'R');
INSERT INTO quotation_schedules (qsc_id, qel_qel_id, amount, payment_ind) VALUES (68511825, 4069876, 9.65, 'R');
INSERT INTO quotation_schedules (qsc_id, qel_qel_id, amount, payment_ind) VALUES (68511830, 4069876, 9.65, 'R');
INSERT INTO quotation_schedules (qsc_id, qel_qel_id, amount, payment_ind) VALUES (68511835, 4069876, 9.65, 'R');
INSERT INTO quotation_schedules (qsc_id, qel_qel_id, amount, payment_ind) VALUES (68511840, 4069876, 9.65, 'R');
INSERT INTO quotation_schedules (qsc_id, qel_qel_id, amount, payment_ind) VALUES (68511845, 4069876, 9.65, 'R');
INSERT INTO quotation_schedules (qsc_id, qel_qel_id, amount, payment_ind) VALUES (68511850, 4069876, 9.65, 'R');
INSERT INTO quotation_schedules (qsc_id, qel_qel_id, amount, payment_ind) VALUES (68511855, 4069876, 9.65, 'R');
INSERT INTO quotation_schedules (qsc_id, qel_qel_id, amount, payment_ind) VALUES (68511860, 4069876, 9.65, 'R');
INSERT INTO quotation_schedules (qsc_id, qel_qel_id, amount, payment_ind) VALUES (68511865, 4069876, 9.65, 'R');
INSERT INTO quotation_schedules (qsc_id, qel_qel_id, amount, payment_ind) VALUES (68511870, 4069876, 9.65, 'R');
INSERT INTO quotation_schedules (qsc_id, qel_qel_id, amount, payment_ind) VALUES (68511875, 4069876, 9.65, 'R');
INSERT INTO quotation_schedules (qsc_id, qel_qel_id, amount, payment_ind) VALUES (68511880, 4069876, 9.65, 'R');
INSERT INTO quotation_schedules (qsc_id, qel_qel_id, amount, payment_ind) VALUES (68511885, 4069876, 9.65, 'R');
INSERT INTO quotation_schedules (qsc_id, qel_qel_id, amount, payment_ind) VALUES (68511890, 4069876, 9.65, 'R');
INSERT INTO quotation_schedules (qsc_id, qel_qel_id, amount, payment_ind) VALUES (68511895, 4069876, 9.65, 'R');
INSERT INTO quotation_schedules (qsc_id, qel_qel_id, amount, payment_ind) VALUES (68511900, 4069876, 9.65, 'R');
INSERT INTO quotation_schedules (qsc_id, qel_qel_id, amount, payment_ind) VALUES (68511905, 4069876, 9.65, 'R');
INSERT INTO quotation_schedules (qsc_id, qel_qel_id, amount, payment_ind) VALUES (68511910, 4069876, 9.65, 'R');
INSERT INTO quotation_schedules (qsc_id, qel_qel_id, amount, payment_ind) VALUES (68511915, 4069876, 9.65, 'R');
INSERT INTO quotation_schedules (qsc_id, qel_qel_id, amount, payment_ind) VALUES (68511920, 4069876, 9.65, 'R');
INSERT INTO quotation_schedules (qsc_id, qel_qel_id, amount, payment_ind) VALUES (68511925, 4069876, 9.65, 'R');
INSERT INTO quotation_schedules (qsc_id, qel_qel_id, amount, payment_ind) VALUES (68511930, 4069876, 9.65, 'R');
INSERT INTO quotation_schedules (qsc_id, qel_qel_id, amount, payment_ind) VALUES (68511935, 4069876, 9.65, 'R');
INSERT INTO quotation_schedules (qsc_id, qel_qel_id, amount, payment_ind) VALUES (68511940, 4069876, 9.65, 'R');
INSERT INTO quotation_schedules (qsc_id, qel_qel_id, amount, payment_ind) VALUES (68511945, 4069876, 9.65, 'R');
INSERT INTO quotation_schedules (qsc_id, qel_qel_id, amount, payment_ind) VALUES (68511950, 4069876, 9.65, 'R');
INSERT INTO quotation_schedules (qsc_id, qel_qel_id, amount, payment_ind) VALUES (68511955, 4069876, 9.65, 'R');
INSERT INTO quotation_schedules (qsc_id, qel_qel_id, amount, payment_ind) VALUES (68511960, 4069876, 9.65, 'R');
INSERT INTO quotation_schedules (qsc_id, qel_qel_id, amount, payment_ind) VALUES (68511965, 4069876, 9.65, 'R');
INSERT INTO quotation_schedules (qsc_id, qel_qel_id, amount, payment_ind) VALUES (68511970, 4069876, 9.65, 'R');
INSERT INTO quotation_schedules (qsc_id, qel_qel_id, amount, payment_ind) VALUES (68511975, 4069876, 9.65, 'R');
INSERT INTO quotation_schedules (qsc_id, qel_qel_id, amount, payment_ind) VALUES (68511980, 4069876, 9.65, 'R');
INSERT INTO quotation_schedules (qsc_id, qel_qel_id, amount, payment_ind) VALUES (68511985, 4069876, 9.65, 'R');
INSERT INTO quotation_schedules (qsc_id, qel_qel_id, amount, payment_ind) VALUES (68511990, 4069876, 9.65, 'R');
INSERT INTO quotation_schedules (qsc_id, qel_qel_id, amount, payment_ind) VALUES (68511995, 4069876, 9.65, 'R');
INSERT INTO quotation_schedules (qsc_id, qel_qel_id, amount, payment_ind) VALUES (68512000, 4069876, 9.65, 'R');
INSERT INTO quotation_schedules (qsc_id, qel_qel_id, amount, payment_ind) VALUES (68512005, 4069876, 9.65, 'R');
INSERT INTO quotation_schedules (qsc_id, qel_qel_id, amount, payment_ind) VALUES (68512010, 4069876, 9.65, 'R');
INSERT INTO quotation_schedules (qsc_id, qel_qel_id, amount, payment_ind) VALUES (68512015, 4069876, 9.65, 'R');
INSERT INTO quotation_schedules (qsc_id, qel_qel_id, amount, payment_ind) VALUES (68512020, 4069876, 9.65, 'R');
INSERT INTO quotation_schedules (qsc_id, qel_qel_id, amount, payment_ind) VALUES (68512025, 4069876, 9.65, 'R');
INSERT INTO quotation_schedules (qsc_id, qel_qel_id, amount, payment_ind) VALUES (68512030, 4069876, 9.65, 'R');
INSERT INTO quotation_schedules (qsc_id, qel_qel_id, amount, payment_ind) VALUES (68512035, 4069876, 9.65, 'R');
INSERT INTO quotation_schedules (qsc_id, qel_qel_id, amount, payment_ind) VALUES (68512040, 4069876, 9.65, 'R');
INSERT INTO quotation_schedules (qsc_id, qel_qel_id, amount, payment_ind) VALUES (68512045, 4069876, 9.65, 'R');
INSERT INTO quotation_schedules (qsc_id, qel_qel_id, amount, payment_ind) VALUES (68512050, 4069876, 9.65, 'R');
INSERT INTO quotation_schedules (qsc_id, qel_qel_id, amount, payment_ind) VALUES (68512055, 4069876, 9.65, 'R');
INSERT INTO quotation_schedules (qsc_id, qel_qel_id, amount, payment_ind) VALUES (68512060, 4069876, 9.65, 'R');
INSERT INTO quotation_schedules (qsc_id, qel_qel_id, amount, payment_ind) VALUES (68512065, 4069876, 3.11, 'R');
INSERT INTO quotation_schedules (qsc_id, qel_qel_id, amount, payment_ind) VALUES (68511761, 4069877, 0, 'F');
INSERT INTO quotation_schedules (qsc_id, qel_qel_id, amount, payment_ind) VALUES (68511766, 4069877, 4.74, 'F');
INSERT INTO quotation_schedules (qsc_id, qel_qel_id, amount, payment_ind) VALUES (68511771, 4069877, 7, 'R');
INSERT INTO quotation_schedules (qsc_id, qel_qel_id, amount, payment_ind) VALUES (68511776, 4069877, 7, 'R');
INSERT INTO quotation_schedules (qsc_id, qel_qel_id, amount, payment_ind) VALUES (68511781, 4069877, 7, 'R');
INSERT INTO quotation_schedules (qsc_id, qel_qel_id, amount, payment_ind) VALUES (68511786, 4069877, 7, 'R');
INSERT INTO quotation_schedules (qsc_id, qel_qel_id, amount, payment_ind) VALUES (68511791, 4069877, 7, 'R');
INSERT INTO quotation_schedules (qsc_id, qel_qel_id, amount, payment_ind) VALUES (68511796, 4069877, 7, 'R');
INSERT INTO quotation_schedules (qsc_id, qel_qel_id, amount, payment_ind) VALUES (68511801, 4069877, 7, 'R');
INSERT INTO quotation_schedules (qsc_id, qel_qel_id, amount, payment_ind) VALUES (68511806, 4069877, 7, 'R');
INSERT INTO quotation_schedules (qsc_id, qel_qel_id, amount, payment_ind) VALUES (68511811, 4069877, 7, 'R');
INSERT INTO quotation_schedules (qsc_id, qel_qel_id, amount, payment_ind) VALUES (68511816, 4069877, 7, 'R');
INSERT INTO quotation_schedules (qsc_id, qel_qel_id, amount, payment_ind) VALUES (68511821, 4069877, 7, 'R');
INSERT INTO quotation_schedules (qsc_id, qel_qel_id, amount, payment_ind) VALUES (68511826, 4069877, 7, 'R');
INSERT INTO quotation_schedules (qsc_id, qel_qel_id, amount, payment_ind) VALUES (68511831, 4069877, 7, 'R');
INSERT INTO quotation_schedules (qsc_id, qel_qel_id, amount, payment_ind) VALUES (68511836, 4069877, 7, 'R');
INSERT INTO quotation_schedules (qsc_id, qel_qel_id, amount, payment_ind) VALUES (68511841, 4069877, 7, 'R');
INSERT INTO quotation_schedules (qsc_id, qel_qel_id, amount, payment_ind) VALUES (68511846, 4069877, 7, 'R');
INSERT INTO quotation_schedules (qsc_id, qel_qel_id, amount, payment_ind) VALUES (68511851, 4069877, 7, 'R');
INSERT INTO quotation_schedules (qsc_id, qel_qel_id, amount, payment_ind) VALUES (68511856, 4069877, 7, 'R');
INSERT INTO quotation_schedules (qsc_id, qel_qel_id, amount, payment_ind) VALUES (68511861, 4069877, 7, 'R');
INSERT INTO quotation_schedules (qsc_id, qel_qel_id, amount, payment_ind) VALUES (68511866, 4069877, 7, 'R');
INSERT INTO quotation_schedules (qsc_id, qel_qel_id, amount, payment_ind) VALUES (68511871, 4069877, 7, 'R');
INSERT INTO quotation_schedules (qsc_id, qel_qel_id, amount, payment_ind) VALUES (68511876, 4069877, 7, 'R');
INSERT INTO quotation_schedules (qsc_id, qel_qel_id, amount, payment_ind) VALUES (68511881, 4069877, 7, 'R');
INSERT INTO quotation_schedules (qsc_id, qel_qel_id, amount, payment_ind) VALUES (68511886, 4069877, 7, 'R');
INSERT INTO quotation_schedules (qsc_id, qel_qel_id, amount, payment_ind) VALUES (68511891, 4069877, 7, 'R');
INSERT INTO quotation_schedules (qsc_id, qel_qel_id, amount, payment_ind) VALUES (68511896, 4069877, 7, 'R');
INSERT INTO quotation_schedules (qsc_id, qel_qel_id, amount, payment_ind) VALUES (68511901, 4069877, 7, 'R');
INSERT INTO quotation_schedules (qsc_id, qel_qel_id, amount, payment_ind) VALUES (68511906, 4069877, 7, 'R');
INSERT INTO quotation_schedules (qsc_id, qel_qel_id, amount, payment_ind) VALUES (68511911, 4069877, 7, 'R');
INSERT INTO quotation_schedules (qsc_id, qel_qel_id, amount, payment_ind) VALUES (68511916, 4069877, 7, 'R');
INSERT INTO quotation_schedules (qsc_id, qel_qel_id, amount, payment_ind) VALUES (68511921, 4069877, 7, 'R');
INSERT INTO quotation_schedules (qsc_id, qel_qel_id, amount, payment_ind) VALUES (68511926, 4069877, 7, 'R');
INSERT INTO quotation_schedules (qsc_id, qel_qel_id, amount, payment_ind) VALUES (68511931, 4069877, 7, 'R');
INSERT INTO quotation_schedules (qsc_id, qel_qel_id, amount, payment_ind) VALUES (68511936, 4069877, 7, 'R');
INSERT INTO quotation_schedules (qsc_id, qel_qel_id, amount, payment_ind) VALUES (68511941, 4069877, 7, 'R');
INSERT INTO quotation_schedules (qsc_id, qel_qel_id, amount, payment_ind) VALUES (68511946, 4069877, 7, 'R');
INSERT INTO quotation_schedules (qsc_id, qel_qel_id, amount, payment_ind) VALUES (68511951, 4069877, 7, 'R');
INSERT INTO quotation_schedules (qsc_id, qel_qel_id, amount, payment_ind) VALUES (68511956, 4069877, 7, 'R');
INSERT INTO quotation_schedules (qsc_id, qel_qel_id, amount, payment_ind) VALUES (68511961, 4069877, 7, 'R');
INSERT INTO quotation_schedules (qsc_id, qel_qel_id, amount, payment_ind) VALUES (68511966, 4069877, 7, 'R');
INSERT INTO quotation_schedules (qsc_id, qel_qel_id, amount, payment_ind) VALUES (68511971, 4069877, 7, 'R');
INSERT INTO quotation_schedules (qsc_id, qel_qel_id, amount, payment_ind) VALUES (68511976, 4069877, 7, 'R');
INSERT INTO quotation_schedules (qsc_id, qel_qel_id, amount, payment_ind) VALUES (68511981, 4069877, 7, 'R');
INSERT INTO quotation_schedules (qsc_id, qel_qel_id, amount, payment_ind) VALUES (68511986, 4069877, 7, 'R');
INSERT INTO quotation_schedules (qsc_id, qel_qel_id, amount, payment_ind) VALUES (68511991, 4069877, 7, 'R');
INSERT INTO quotation_schedules (qsc_id, qel_qel_id, amount, payment_ind) VALUES (68511996, 4069877, 7, 'R');
INSERT INTO quotation_schedules (qsc_id, qel_qel_id, amount, payment_ind) VALUES (68512001, 4069877, 7, 'R');
INSERT INTO quotation_schedules (qsc_id, qel_qel_id, amount, payment_ind) VALUES (68512006, 4069877, 7, 'R');
INSERT INTO quotation_schedules (qsc_id, qel_qel_id, amount, payment_ind) VALUES (68512011, 4069877, 7, 'R');
INSERT INTO quotation_schedules (qsc_id, qel_qel_id, amount, payment_ind) VALUES (68512016, 4069877, 7, 'R');
INSERT INTO quotation_schedules (qsc_id, qel_qel_id, amount, payment_ind) VALUES (68512021, 4069877, 7, 'R');
INSERT INTO quotation_schedules (qsc_id, qel_qel_id, amount, payment_ind) VALUES (68512026, 4069877, 7, 'R');
INSERT INTO quotation_schedules (qsc_id, qel_qel_id, amount, payment_ind) VALUES (68512031, 4069877, 7, 'R');
INSERT INTO quotation_schedules (qsc_id, qel_qel_id, amount, payment_ind) VALUES (68512036, 4069877, 7, 'R');
INSERT INTO quotation_schedules (qsc_id, qel_qel_id, amount, payment_ind) VALUES (68512041, 4069877, 7, 'R');
INSERT INTO quotation_schedules (qsc_id, qel_qel_id, amount, payment_ind) VALUES (68512046, 4069877, 7, 'R');
INSERT INTO quotation_schedules (qsc_id, qel_qel_id, amount, payment_ind) VALUES (68512051, 4069877, 7, 'R');
INSERT INTO quotation_schedules (qsc_id, qel_qel_id, amount, payment_ind) VALUES (68512056, 4069877, 7, 'R');
INSERT INTO quotation_schedules (qsc_id, qel_qel_id, amount, payment_ind) VALUES (68512061, 4069877, 7, 'R');
INSERT INTO quotation_schedules (qsc_id, qel_qel_id, amount, payment_ind) VALUES (68512066, 4069877, 2.26, 'R');
INSERT INTO quotation_schedules (qsc_id, qel_qel_id, amount, payment_ind) VALUES (68511762, 4069878, 0, 'F');
INSERT INTO quotation_schedules (qsc_id, qel_qel_id, amount, payment_ind) VALUES (68511767, 4069878, 6.71, 'F');
INSERT INTO quotation_schedules (qsc_id, qel_qel_id, amount, payment_ind) VALUES (68511772, 4069878, 9.9, 'R');
INSERT INTO quotation_schedules (qsc_id, qel_qel_id, amount, payment_ind) VALUES (68511777, 4069878, 9.9, 'R');
INSERT INTO quotation_schedules (qsc_id, qel_qel_id, amount, payment_ind) VALUES (68511782, 4069878, 9.9, 'R');
INSERT INTO quotation_schedules (qsc_id, qel_qel_id, amount, payment_ind) VALUES (68511787, 4069878, 9.9, 'R');
INSERT INTO quotation_schedules (qsc_id, qel_qel_id, amount, payment_ind) VALUES (68511792, 4069878, 9.9, 'R');
INSERT INTO quotation_schedules (qsc_id, qel_qel_id, amount, payment_ind) VALUES (68511797, 4069878, 9.9, 'R');
INSERT INTO quotation_schedules (qsc_id, qel_qel_id, amount, payment_ind) VALUES (68511802, 4069878, 9.9, 'R');
INSERT INTO quotation_schedules (qsc_id, qel_qel_id, amount, payment_ind) VALUES (68511807, 4069878, 9.9, 'R');
INSERT INTO quotation_schedules (qsc_id, qel_qel_id, amount, payment_ind) VALUES (68511812, 4069878, 9.9, 'R');
INSERT INTO quotation_schedules (qsc_id, qel_qel_id, amount, payment_ind) VALUES (68511817, 4069878, 9.9, 'R');
INSERT INTO quotation_schedules (qsc_id, qel_qel_id, amount, payment_ind) VALUES (68511822, 4069878, 9.9, 'R');
INSERT INTO quotation_schedules (qsc_id, qel_qel_id, amount, payment_ind) VALUES (68511827, 4069878, 9.9, 'R');
INSERT INTO quotation_schedules (qsc_id, qel_qel_id, amount, payment_ind) VALUES (68511832, 4069878, 9.9, 'R');
INSERT INTO quotation_schedules (qsc_id, qel_qel_id, amount, payment_ind) VALUES (68511837, 4069878, 9.9, 'R');
INSERT INTO quotation_schedules (qsc_id, qel_qel_id, amount, payment_ind) VALUES (68511842, 4069878, 9.9, 'R');
INSERT INTO quotation_schedules (qsc_id, qel_qel_id, amount, payment_ind) VALUES (68511847, 4069878, 9.9, 'R');
INSERT INTO quotation_schedules (qsc_id, qel_qel_id, amount, payment_ind) VALUES (68511852, 4069878, 9.9, 'R');
INSERT INTO quotation_schedules (qsc_id, qel_qel_id, amount, payment_ind) VALUES (68511857, 4069878, 9.9, 'R');
INSERT INTO quotation_schedules (qsc_id, qel_qel_id, amount, payment_ind) VALUES (68511862, 4069878, 9.9, 'R');
INSERT INTO quotation_schedules (qsc_id, qel_qel_id, amount, payment_ind) VALUES (68511867, 4069878, 9.9, 'R');
INSERT INTO quotation_schedules (qsc_id, qel_qel_id, amount, payment_ind) VALUES (68511872, 4069878, 9.9, 'R');
INSERT INTO quotation_schedules (qsc_id, qel_qel_id, amount, payment_ind) VALUES (68511877, 4069878, 9.9, 'R');
INSERT INTO quotation_schedules (qsc_id, qel_qel_id, amount, payment_ind) VALUES (68511882, 4069878, 9.9, 'R');
INSERT INTO quotation_schedules (qsc_id, qel_qel_id, amount, payment_ind) VALUES (68511887, 4069878, 9.9, 'R');
INSERT INTO quotation_schedules (qsc_id, qel_qel_id, amount, payment_ind) VALUES (68511892, 4069878, 9.9, 'R');
INSERT INTO quotation_schedules (qsc_id, qel_qel_id, amount, payment_ind) VALUES (68511897, 4069878, 9.9, 'R');
INSERT INTO quotation_schedules (qsc_id, qel_qel_id, amount, payment_ind) VALUES (68511902, 4069878, 9.9, 'R');
INSERT INTO quotation_schedules (qsc_id, qel_qel_id, amount, payment_ind) VALUES (68511907, 4069878, 9.9, 'R');
INSERT INTO quotation_schedules (qsc_id, qel_qel_id, amount, payment_ind) VALUES (68511912, 4069878, 9.9, 'R');
INSERT INTO quotation_schedules (qsc_id, qel_qel_id, amount, payment_ind) VALUES (68511917, 4069878, 9.9, 'R');
INSERT INTO quotation_schedules (qsc_id, qel_qel_id, amount, payment_ind) VALUES (68511922, 4069878, 9.9, 'R');
INSERT INTO quotation_schedules (qsc_id, qel_qel_id, amount, payment_ind) VALUES (68511927, 4069878, 9.9, 'R');
INSERT INTO quotation_schedules (qsc_id, qel_qel_id, amount, payment_ind) VALUES (68511932, 4069878, 9.9, 'R');
INSERT INTO quotation_schedules (qsc_id, qel_qel_id, amount, payment_ind) VALUES (68511937, 4069878, 9.9, 'R');
INSERT INTO quotation_schedules (qsc_id, qel_qel_id, amount, payment_ind) VALUES (68511942, 4069878, 9.9, 'R');
INSERT INTO quotation_schedules (qsc_id, qel_qel_id, amount, payment_ind) VALUES (68511947, 4069878, 9.9, 'R');
INSERT INTO quotation_schedules (qsc_id, qel_qel_id, amount, payment_ind) VALUES (68511952, 4069878, 9.9, 'R');
INSERT INTO quotation_schedules (qsc_id, qel_qel_id, amount, payment_ind) VALUES (68511957, 4069878, 9.9, 'R');
INSERT INTO quotation_schedules (qsc_id, qel_qel_id, amount, payment_ind) VALUES (68511962, 4069878, 9.9, 'R');
INSERT INTO quotation_schedules (qsc_id, qel_qel_id, amount, payment_ind) VALUES (68511967, 4069878, 9.9, 'R');
INSERT INTO quotation_schedules (qsc_id, qel_qel_id, amount, payment_ind) VALUES (68511972, 4069878, 9.9, 'R');
INSERT INTO quotation_schedules (qsc_id, qel_qel_id, amount, payment_ind) VALUES (68511977, 4069878, 9.9, 'R');
INSERT INTO quotation_schedules (qsc_id, qel_qel_id, amount, payment_ind) VALUES (68511982, 4069878, 9.9, 'R');
INSERT INTO quotation_schedules (qsc_id, qel_qel_id, amount, payment_ind) VALUES (68511987, 4069878, 9.9, 'R');
INSERT INTO quotation_schedules (qsc_id, qel_qel_id, amount, payment_ind) VALUES (68511992, 4069878, 9.9, 'R');
INSERT INTO quotation_schedules (qsc_id, qel_qel_id, amount, payment_ind) VALUES (68511997, 4069878, 9.9, 'R');
INSERT INTO quotation_schedules (qsc_id, qel_qel_id, amount, payment_ind) VALUES (68512002, 4069878, 9.9, 'R');
INSERT INTO quotation_schedules (qsc_id, qel_qel_id, amount, payment_ind) VALUES (68512007, 4069878, 9.9, 'R');
INSERT INTO quotation_schedules (qsc_id, qel_qel_id, amount, payment_ind) VALUES (68512012, 4069878, 9.9, 'R');
INSERT INTO quotation_schedules (qsc_id, qel_qel_id, amount, payment_ind) VALUES (68512017, 4069878, 9.9, 'R');
INSERT INTO quotation_schedules (qsc_id, qel_qel_id, amount, payment_ind) VALUES (68512022, 4069878, 9.9, 'R');
INSERT INTO quotation_schedules (qsc_id, qel_qel_id, amount, payment_ind) VALUES (68512027, 4069878, 9.9, 'R');
INSERT INTO quotation_schedules (qsc_id, qel_qel_id, amount, payment_ind) VALUES (68512032, 4069878, 9.9, 'R');
INSERT INTO quotation_schedules (qsc_id, qel_qel_id, amount, payment_ind) VALUES (68512037, 4069878, 9.9, 'R');
INSERT INTO quotation_schedules (qsc_id, qel_qel_id, amount, payment_ind) VALUES (68512042, 4069878, 9.9, 'R');
INSERT INTO quotation_schedules (qsc_id, qel_qel_id, amount, payment_ind) VALUES (68512047, 4069878, 9.9, 'R');
INSERT INTO quotation_schedules (qsc_id, qel_qel_id, amount, payment_ind) VALUES (68512052, 4069878, 9.9, 'R');
INSERT INTO quotation_schedules (qsc_id, qel_qel_id, amount, payment_ind) VALUES (68512057, 4069878, 9.9, 'R');
INSERT INTO quotation_schedules (qsc_id, qel_qel_id, amount, payment_ind) VALUES (68512062, 4069878, 9.9, 'R');
INSERT INTO quotation_schedules (qsc_id, qel_qel_id, amount, payment_ind) VALUES (68512067, 4069878, 3.19, 'R');
INSERT INTO quotation_schedules (qsc_id, qel_qel_id, amount, payment_ind) VALUES (68511763, 4069879, 0, 'F');
INSERT INTO quotation_schedules (qsc_id, qel_qel_id, amount, payment_ind) VALUES (68511768, 4069879, 273.31, 'F');
INSERT INTO quotation_schedules (qsc_id, qel_qel_id, amount, payment_ind) VALUES (68511773, 4069879, 403.45, 'R');
INSERT INTO quotation_schedules (qsc_id, qel_qel_id, amount, payment_ind) VALUES (68511778, 4069879, 403.45, 'R');
INSERT INTO quotation_schedules (qsc_id, qel_qel_id, amount, payment_ind) VALUES (68511783, 4069879, 403.45, 'R');
INSERT INTO quotation_schedules (qsc_id, qel_qel_id, amount, payment_ind) VALUES (68511788, 4069879, 403.45, 'R');
INSERT INTO quotation_schedules (qsc_id, qel_qel_id, amount, payment_ind) VALUES (68511793, 4069879, 403.45, 'R');
INSERT INTO quotation_schedules (qsc_id, qel_qel_id, amount, payment_ind) VALUES (68511798, 4069879, 403.45, 'R');
INSERT INTO quotation_schedules (qsc_id, qel_qel_id, amount, payment_ind) VALUES (68511803, 4069879, 403.45, 'R');
INSERT INTO quotation_schedules (qsc_id, qel_qel_id, amount, payment_ind) VALUES (68511808, 4069879, 403.45, 'R');
INSERT INTO quotation_schedules (qsc_id, qel_qel_id, amount, payment_ind) VALUES (68511813, 4069879, 403.45, 'R');
INSERT INTO quotation_schedules (qsc_id, qel_qel_id, amount, payment_ind) VALUES (68511818, 4069879, 403.45, 'R');
INSERT INTO quotation_schedules (qsc_id, qel_qel_id, amount, payment_ind) VALUES (68511823, 4069879, 403.45, 'R');
INSERT INTO quotation_schedules (qsc_id, qel_qel_id, amount, payment_ind) VALUES (68511828, 4069879, 403.45, 'R');
INSERT INTO quotation_schedules (qsc_id, qel_qel_id, amount, payment_ind) VALUES (68511833, 4069879, 403.45, 'R');
INSERT INTO quotation_schedules (qsc_id, qel_qel_id, amount, payment_ind) VALUES (68511838, 4069879, 403.45, 'R');
INSERT INTO quotation_schedules (qsc_id, qel_qel_id, amount, payment_ind) VALUES (68511843, 4069879, 403.45, 'R');
INSERT INTO quotation_schedules (qsc_id, qel_qel_id, amount, payment_ind) VALUES (68511848, 4069879, 403.45, 'R');
INSERT INTO quotation_schedules (qsc_id, qel_qel_id, amount, payment_ind) VALUES (68511853, 4069879, 403.45, 'R');
INSERT INTO quotation_schedules (qsc_id, qel_qel_id, amount, payment_ind) VALUES (68511858, 4069879, 403.45, 'R');
INSERT INTO quotation_schedules (qsc_id, qel_qel_id, amount, payment_ind) VALUES (68511863, 4069879, 403.45, 'R');
INSERT INTO quotation_schedules (qsc_id, qel_qel_id, amount, payment_ind) VALUES (68511868, 4069879, 403.45, 'R');
INSERT INTO quotation_schedules (qsc_id, qel_qel_id, amount, payment_ind) VALUES (68511873, 4069879, 403.45, 'R');
INSERT INTO quotation_schedules (qsc_id, qel_qel_id, amount, payment_ind) VALUES (68511878, 4069879, 403.45, 'R');
INSERT INTO quotation_schedules (qsc_id, qel_qel_id, amount, payment_ind) VALUES (68511883, 4069879, 403.45, 'R');
INSERT INTO quotation_schedules (qsc_id, qel_qel_id, amount, payment_ind) VALUES (68511888, 4069879, 403.45, 'R');
INSERT INTO quotation_schedules (qsc_id, qel_qel_id, amount, payment_ind) VALUES (68511893, 4069879, 403.45, 'R');
INSERT INTO quotation_schedules (qsc_id, qel_qel_id, amount, payment_ind) VALUES (68511898, 4069879, 403.45, 'R');
INSERT INTO quotation_schedules (qsc_id, qel_qel_id, amount, payment_ind) VALUES (68511903, 4069879, 403.45, 'R');
INSERT INTO quotation_schedules (qsc_id, qel_qel_id, amount, payment_ind) VALUES (68511908, 4069879, 403.45, 'R');
INSERT INTO quotation_schedules (qsc_id, qel_qel_id, amount, payment_ind) VALUES (68511913, 4069879, 403.45, 'R');
INSERT INTO quotation_schedules (qsc_id, qel_qel_id, amount, payment_ind) VALUES (68511918, 4069879, 403.45, 'R');
INSERT INTO quotation_schedules (qsc_id, qel_qel_id, amount, payment_ind) VALUES (68511923, 4069879, 403.45, 'R');
INSERT INTO quotation_schedules (qsc_id, qel_qel_id, amount, payment_ind) VALUES (68511928, 4069879, 403.45, 'R');
INSERT INTO quotation_schedules (qsc_id, qel_qel_id, amount, payment_ind) VALUES (68511933, 4069879, 403.45, 'R');
INSERT INTO quotation_schedules (qsc_id, qel_qel_id, amount, payment_ind) VALUES (68511938, 4069879, 403.45, 'R');
INSERT INTO quotation_schedules (qsc_id, qel_qel_id, amount, payment_ind) VALUES (68511943, 4069879, 403.45, 'R');
INSERT INTO quotation_schedules (qsc_id, qel_qel_id, amount, payment_ind) VALUES (68511948, 4069879, 403.45, 'R');
INSERT INTO quotation_schedules (qsc_id, qel_qel_id, amount, payment_ind) VALUES (68511953, 4069879, 403.45, 'R');
INSERT INTO quotation_schedules (qsc_id, qel_qel_id, amount, payment_ind) VALUES (68511958, 4069879, 403.45, 'R');
INSERT INTO quotation_schedules (qsc_id, qel_qel_id, amount, payment_ind) VALUES (68511963, 4069879, 403.45, 'R');
INSERT INTO quotation_schedules (qsc_id, qel_qel_id, amount, payment_ind) VALUES (68511968, 4069879, 403.45, 'R');
INSERT INTO quotation_schedules (qsc_id, qel_qel_id, amount, payment_ind) VALUES (68511973, 4069879, 403.45, 'R');
INSERT INTO quotation_schedules (qsc_id, qel_qel_id, amount, payment_ind) VALUES (68511978, 4069879, 403.45, 'R');
INSERT INTO quotation_schedules (qsc_id, qel_qel_id, amount, payment_ind) VALUES (68511983, 4069879, 403.45, 'R');
INSERT INTO quotation_schedules (qsc_id, qel_qel_id, amount, payment_ind) VALUES (68511988, 4069879, 403.45, 'R');
INSERT INTO quotation_schedules (qsc_id, qel_qel_id, amount, payment_ind) VALUES (68511993, 4069879, 403.45, 'R');
INSERT INTO quotation_schedules (qsc_id, qel_qel_id, amount, payment_ind) VALUES (68511998, 4069879, 403.45, 'R');
INSERT INTO quotation_schedules (qsc_id, qel_qel_id, amount, payment_ind) VALUES (68512003, 4069879, 403.45, 'R');
INSERT INTO quotation_schedules (qsc_id, qel_qel_id, amount, payment_ind) VALUES (68512008, 4069879, 403.45, 'R');
INSERT INTO quotation_schedules (qsc_id, qel_qel_id, amount, payment_ind) VALUES (68512013, 4069879, 403.45, 'R');
INSERT INTO quotation_schedules (qsc_id, qel_qel_id, amount, payment_ind) VALUES (68512018, 4069879, 403.45, 'R');
INSERT INTO quotation_schedules (qsc_id, qel_qel_id, amount, payment_ind) VALUES (68512023, 4069879, 403.45, 'R');
INSERT INTO quotation_schedules (qsc_id, qel_qel_id, amount, payment_ind) VALUES (68512028, 4069879, 403.45, 'R');
INSERT INTO quotation_schedules (qsc_id, qel_qel_id, amount, payment_ind) VALUES (68512033, 4069879, 403.45, 'R');
INSERT INTO quotation_schedules (qsc_id, qel_qel_id, amount, payment_ind) VALUES (68512038, 4069879, 403.45, 'R');
INSERT INTO quotation_schedules (qsc_id, qel_qel_id, amount, payment_ind) VALUES (68512043, 4069879, 403.45, 'R');
INSERT INTO quotation_schedules (qsc_id, qel_qel_id, amount, payment_ind) VALUES (68512048, 4069879, 403.45, 'R');
INSERT INTO quotation_schedules (qsc_id, qel_qel_id, amount, payment_ind) VALUES (68512053, 4069879, 403.45, 'R');
INSERT INTO quotation_schedules (qsc_id, qel_qel_id, amount, payment_ind) VALUES (68512058, 4069879, 403.45, 'R');
INSERT INTO quotation_schedules (qsc_id, qel_qel_id, amount, payment_ind) VALUES (68512063, 4069879, 403.45, 'R');
INSERT INTO quotation_schedules (qsc_id, qel_qel_id, amount, payment_ind) VALUES (68512068, 4069879, 130.14, 'R');
INSERT INTO quotation_schedules (qsc_id, qel_qel_id, amount, payment_ind) VALUES (68511764, 4069880, 0, 'F');
INSERT INTO quotation_schedules (qsc_id, qel_qel_id, amount, payment_ind) VALUES (68511769, 4069880, 1.69, 'F');
INSERT INTO quotation_schedules (qsc_id, qel_qel_id, amount, payment_ind) VALUES (68511774, 4069880, 2.5, 'R');
INSERT INTO quotation_schedules (qsc_id, qel_qel_id, amount, payment_ind) VALUES (68511779, 4069880, 2.5, 'R');
INSERT INTO quotation_schedules (qsc_id, qel_qel_id, amount, payment_ind) VALUES (68511784, 4069880, 2.5, 'R');
INSERT INTO quotation_schedules (qsc_id, qel_qel_id, amount, payment_ind) VALUES (68511789, 4069880, 2.5, 'R');
INSERT INTO quotation_schedules (qsc_id, qel_qel_id, amount, payment_ind) VALUES (68511794, 4069880, 2.5, 'R');
INSERT INTO quotation_schedules (qsc_id, qel_qel_id, amount, payment_ind) VALUES (68511799, 4069880, 2.5, 'R');
INSERT INTO quotation_schedules (qsc_id, qel_qel_id, amount, payment_ind) VALUES (68511804, 4069880, 2.5, 'R');
INSERT INTO quotation_schedules (qsc_id, qel_qel_id, amount, payment_ind) VALUES (68511809, 4069880, 2.5, 'R');
INSERT INTO quotation_schedules (qsc_id, qel_qel_id, amount, payment_ind) VALUES (68511814, 4069880, 2.5, 'R');
INSERT INTO quotation_schedules (qsc_id, qel_qel_id, amount, payment_ind) VALUES (68511819, 4069880, 2.5, 'R');
INSERT INTO quotation_schedules (qsc_id, qel_qel_id, amount, payment_ind) VALUES (68511824, 4069880, 2.5, 'R');
INSERT INTO quotation_schedules (qsc_id, qel_qel_id, amount, payment_ind) VALUES (68511829, 4069880, 2.5, 'R');
INSERT INTO quotation_schedules (qsc_id, qel_qel_id, amount, payment_ind) VALUES (68511834, 4069880, 2.5, 'R');
INSERT INTO quotation_schedules (qsc_id, qel_qel_id, amount, payment_ind) VALUES (68511839, 4069880, 2.5, 'R');
INSERT INTO quotation_schedules (qsc_id, qel_qel_id, amount, payment_ind) VALUES (68511844, 4069880, 2.5, 'R');
INSERT INTO quotation_schedules (qsc_id, qel_qel_id, amount, payment_ind) VALUES (68511849, 4069880, 2.5, 'R');
INSERT INTO quotation_schedules (qsc_id, qel_qel_id, amount, payment_ind) VALUES (68511854, 4069880, 2.5, 'R');
INSERT INTO quotation_schedules (qsc_id, qel_qel_id, amount, payment_ind) VALUES (68511859, 4069880, 2.5, 'R');
INSERT INTO quotation_schedules (qsc_id, qel_qel_id, amount, payment_ind) VALUES (68511864, 4069880, 2.5, 'R');
INSERT INTO quotation_schedules (qsc_id, qel_qel_id, amount, payment_ind) VALUES (68511869, 4069880, 2.5, 'R');
INSERT INTO quotation_schedules (qsc_id, qel_qel_id, amount, payment_ind) VALUES (68511874, 4069880, 2.5, 'R');
INSERT INTO quotation_schedules (qsc_id, qel_qel_id, amount, payment_ind) VALUES (68511879, 4069880, 2.5, 'R');
INSERT INTO quotation_schedules (qsc_id, qel_qel_id, amount, payment_ind) VALUES (68511884, 4069880, 2.5, 'R');
INSERT INTO quotation_schedules (qsc_id, qel_qel_id, amount, payment_ind) VALUES (68511889, 4069880, 2.5, 'R');
INSERT INTO quotation_schedules (qsc_id, qel_qel_id, amount, payment_ind) VALUES (68511894, 4069880, 2.5, 'R');
INSERT INTO quotation_schedules (qsc_id, qel_qel_id, amount, payment_ind) VALUES (68511899, 4069880, 2.5, 'R');
INSERT INTO quotation_schedules (qsc_id, qel_qel_id, amount, payment_ind) VALUES (68511904, 4069880, 2.5, 'R');
INSERT INTO quotation_schedules (qsc_id, qel_qel_id, amount, payment_ind) VALUES (68511909, 4069880, 2.5, 'R');
INSERT INTO quotation_schedules (qsc_id, qel_qel_id, amount, payment_ind) VALUES (68511914, 4069880, 2.5, 'R');
INSERT INTO quotation_schedules (qsc_id, qel_qel_id, amount, payment_ind) VALUES (68511919, 4069880, 2.5, 'R');
INSERT INTO quotation_schedules (qsc_id, qel_qel_id, amount, payment_ind) VALUES (68511924, 4069880, 2.5, 'R');
INSERT INTO quotation_schedules (qsc_id, qel_qel_id, amount, payment_ind) VALUES (68511929, 4069880, 2.5, 'R');
INSERT INTO quotation_schedules (qsc_id, qel_qel_id, amount, payment_ind) VALUES (68511934, 4069880, 2.5, 'R');
INSERT INTO quotation_schedules (qsc_id, qel_qel_id, amount, payment_ind) VALUES (68511939, 4069880, 2.5, 'R');
INSERT INTO quotation_schedules (qsc_id, qel_qel_id, amount, payment_ind) VALUES (68511944, 4069880, 2.5, 'R');
INSERT INTO quotation_schedules (qsc_id, qel_qel_id, amount, payment_ind) VALUES (68511949, 4069880, 2.5, 'R');
INSERT INTO quotation_schedules (qsc_id, qel_qel_id, amount, payment_ind) VALUES (68511954, 4069880, 2.5, 'R');
INSERT INTO quotation_schedules (qsc_id, qel_qel_id, amount, payment_ind) VALUES (68511959, 4069880, 2.5, 'R');
INSERT INTO quotation_schedules (qsc_id, qel_qel_id, amount, payment_ind) VALUES (68511964, 4069880, 2.5, 'R');
INSERT INTO quotation_schedules (qsc_id, qel_qel_id, amount, payment_ind) VALUES (68511969, 4069880, 2.5, 'R');
INSERT INTO quotation_schedules (qsc_id, qel_qel_id, amount, payment_ind) VALUES (68511974, 4069880, 2.5, 'R');
INSERT INTO quotation_schedules (qsc_id, qel_qel_id, amount, payment_ind) VALUES (68511979, 4069880, 2.5, 'R');
INSERT INTO quotation_schedules (qsc_id, qel_qel_id, amount, payment_ind) VALUES (68511984, 4069880, 2.5, 'R');
INSERT INTO quotation_schedules (qsc_id, qel_qel_id, amount, payment_ind) VALUES (68511989, 4069880, 2.5, 'R');
INSERT INTO quotation_schedules (qsc_id, qel_qel_id, amount, payment_ind) VALUES (68511994, 4069880, 2.5, 'R');
INSERT INTO quotation_schedules (qsc_id, qel_qel_id, amount, payment_ind) VALUES (68511999, 4069880, 2.5, 'R');
INSERT INTO quotation_schedules (qsc_id, qel_qel_id, amount, payment_ind) VALUES (68512004, 4069880, 2.5, 'R');
INSERT INTO quotation_schedules (qsc_id, qel_qel_id, amount, payment_ind) VALUES (68512009, 4069880, 2.5, 'R');
INSERT INTO quotation_schedules (qsc_id, qel_qel_id, amount, payment_ind) VALUES (68512014, 4069880, 2.5, 'R');
INSERT INTO quotation_schedules (qsc_id, qel_qel_id, amount, payment_ind) VALUES (68512019, 4069880, 2.5, 'R');
INSERT INTO quotation_schedules (qsc_id, qel_qel_id, amount, payment_ind) VALUES (68512024, 4069880, 2.5, 'R');
INSERT INTO quotation_schedules (qsc_id, qel_qel_id, amount, payment_ind) VALUES (68512029, 4069880, 2.5, 'R');
INSERT INTO quotation_schedules (qsc_id, qel_qel_id, amount, payment_ind) VALUES (68512034, 4069880, 2.5, 'R');
INSERT INTO quotation_schedules (qsc_id, qel_qel_id, amount, payment_ind) VALUES (68512039, 4069880, 2.5, 'R');
INSERT INTO quotation_schedules (qsc_id, qel_qel_id, amount, payment_ind) VALUES (68512044, 4069880, 2.5, 'R');
INSERT INTO quotation_schedules (qsc_id, qel_qel_id, amount, payment_ind) VALUES (68512049, 4069880, 2.5, 'R');
INSERT INTO quotation_schedules (qsc_id, qel_qel_id, amount, payment_ind) VALUES (68512054, 4069880, 2.5, 'R');
INSERT INTO quotation_schedules (qsc_id, qel_qel_id, amount, payment_ind) VALUES (68512059, 4069880, 2.5, 'R');
INSERT INTO quotation_schedules (qsc_id, qel_qel_id, amount, payment_ind) VALUES (68512064, 4069880, 2.5, 'R');
INSERT INTO quotation_schedules (qsc_id, qel_qel_id, amount, payment_ind) VALUES (68512069, 4069880, 0.81, 'R');


